Name,Phone,Address,City,State,Service Type,Rating,Source,Source URL,Scraped At
Shiv Enterprise,7411651691,"Surat, Gujarat",Surat,Gujarat,Electrician,,JustDial,https://www.justdial.com/Surat/Shiv-Enterprise-Near-Madhuvan-Circle-Pal-Bhatha/0261PX261-X261-170305173541-B8M7_BZDET?cat_b2b_flag=0&searchfrom=lst&bd=1&mncatname=Electricians&ncatid=10184166&ftterm=&thumbnail=,2026-01-09T16:28:31.226398
K P Electric & Contractor,8128926868,"Surat, Gujarat",Surat,Gujarat,Electrician,,JustDial,https://www.justdial.com/Surat/K-P-Electric-Contractor-Near-By-Vip-Road-Vesu/0261PX261-X261-210908142037-C8E1_BZDET?trkid=&term=&ncatid=10184166&area=&search=Popular%20Electricians%20in%20Surat&mncatname=Electricians&ftterm=&abd_btn=Send%20Enquiry&abd_heading=Electricians&isOpenAbd=1&bd=1&cat_b2b_flag=0&searchfrom=lst&thumbnail=,2026-01-09T16:28:31.233419
Gujarat Home Service,8460418452,"Surat, Gujarat",Surat,Gujarat,Electrician,,JustDial,https://www.justdial.com/Surat/Gujarat-Home-Service-Pandesara/0261PX261-X261-240303104014-H1Y6_BZDET?trkid=&term=&ncatid=10184166&area=&search=Popular%20Electricians%20in%20Surat&mncatname=Electricians&ftterm=&abd_btn=Send%20Enquiry&abd_heading=Electricians&isOpenAbd=1&bd=1&cat_b2b_flag=0&searchfrom=lst&thumbnail=,2026-01-09T16:28:31.234720
Ignite Electric,7490929379,"Surat, Gujarat",Surat,Gujarat,Electrician,,JustDial,https://www.justdial.com/Surat/Ignite-Electric-Near-Dakshineshwar-Mandir-Vesu/0261PX261-X261-231016140906-A5B3_BZDET?cat_b2b_flag=0&searchfrom=lst&bd=1&mncatname=Electricians&ncatid=10184166&ftterm=&thumbnail=,2026-01-09T16:28:31.235988
Hi-Tech Home Services,8401804053,"Surat, Gujarat",Surat,Gujarat,Electrician,,JustDial,https://www.justdial.com/Surat/Hi-Tech-Home-Services-Opposite-Bhumi-Complex-Adajan-Road/0261PX261-X261-211109104730-D5C1_BZDET?trkid=&term=&ncatid=10184166&area=&search=Popular%20Electricians%20in%20Surat&mncatname=Electricians&ftterm=&abd_btn=Send%20Enquiry&abd_heading=Electricians&isOpenAbd=1&bd=1&cat_b2b_flag=0&searchfrom=lst&thumbnail=,2026-01-09T16:28:31.237196
Shashi Enterprise,8123436405,"Surat, Gujarat",Surat,Gujarat,Electrician,,JustDial,https://www.justdial.com/Surat/Shashi-Enterprise-Behind-Lalbhai-Contractor-Stadium-Piplod/0261PX261-X261-230825170008-B2M9_BZDET?trkid=&term=&ncatid=10184166&area=&search=Popular%20Electricians%20in%20Surat&mncatname=Electricians&ftterm=&abd_btn=Send%20Enquiry&abd_heading=Electricians&isOpenAbd=1&bd=1&cat_b2b_flag=0&searchfrom=lst&thumbnail=,2026-01-09T16:28:31.238418
Trident Enterprise,8123693445,"Surat, Gujarat",Surat,Gujarat,Electrician,,JustDial,https://www.justdial.com/Surat/Trident-Enterprise-Nearinternational-Finance-Centre-Vesu/0261PX261-X261-230102034950-I3W3_BZDET?trkid=&term=&ncatid=10184166&area=&search=Popular%20Electricians%20in%20Surat&mncatname=Electricians&ftterm=&abd_btn=Send%20Enquiry&abd_heading=Electricians&isOpenAbd=1&bd=1&cat_b2b_flag=0&searchfrom=lst&thumbnail=,2026-01-09T16:28:31.239632
Shree Ganapati Electricals and Refrigeration,7041569332,"Surat, Gujarat",Surat,Gujarat,Electrician,,JustDial,https://www.justdial.com/Surat/Shree-Ganapati-Electricals-and-Refrigeration-Near-Naxatra-Township-Dindoli/0261PX261-X261-251227143609-G3J1_BZDET?trkid=&term=&ncatid=10184166&area=&search=Popular%20Electricians%20in%20Surat&mncatname=Electricians&ftterm=&abd_btn=Send%20Enquiry&abd_heading=Electricians&isOpenAbd=1&bd=1&cat_b2b_flag=0&searchfrom=lst&thumbnail=,2026-01-09T16:28:31.240805
Surat Home Maintenance,9845241416,"Surat, Gujarat",Surat,Gujarat,Electrical Contractor,,JustDial,https://www.justdial.com/Surat/Surat-Home-Maintenance-Near-Nana-Varachha-Varachha-Road/0261PX261-X261-231112131630-Q2I5_BZDET?trkid=&term=&ncatid=10183194&area=&search=Electrical%20Service%20Providers%20in%20Surat&mncatname=Electrical%20Contractors&ftterm=&abd_btn=Send%20Enquiry&abd_heading=Electrical%20Contractors&isOpenAbd=1&bd=1&cat_b2b_flag=0&searchfrom=lst&thumbnail=,2026-01-09T16:28:38.558593
Surat Home Maintenance,9972805313,"Surat, Gujarat",Surat,Gujarat,Electrical Contractor,,JustDial,https://www.justdial.com/Surat/Surat-Home-Maintenance-Near-Nana-Varachha-Varachha-Road/0261PX261-X261-231112131630-Q2I5_BZDET?trkid=&term=&ncatid=10183194&area=&search=Electrical%20Service%20Providers%20in%20Surat&mncatname=Electrical%20Contractors&ftterm=&abd_btn=Send%20Enquiry&abd_heading=Electrical%20Contractors&isOpenAbd=1&bd=1&cat_b2b_flag=0&searchfrom=lst&thumbnail=,2026-01-09T16:28:38.563883
Aesthetic Homes,8460249998,"Surat, Gujarat",Surat,Gujarat,Electrical Contractor,,JustDial,https://www.justdial.com/Surat/Aesthetic-Homes-L-P-Savani-School-Adajan-Dn/0261PX261-X261-240614190804-H4Y2_BZDET?trkid=&term=&ncatid=10183194&area=&search=Electrical%20Service%20Providers%20in%20Surat&mncatname=Electrical%20Contractors&ftterm=&abd_btn=Send%20Enquiry&abd_heading=Electrical%20Contractors&isOpenAbd=1&bd=1&cat_b2b_flag=0&searchfrom=lst&thumbnail=,2026-01-09T16:28:38.565081
Quick Home Services,8050986580,"Surat, Gujarat",Surat,Gujarat,Electrical Contractor,,JustDial,https://www.justdial.com/Surat/Quick-Home-Services-Opposite-To-Rishikesh-Triveni-Apartment-Near-Lic-Office-Nanpura-Road-Nanpura/0261PX261-X261-221205184214-I6Q5_BZDET?trkid=&term=&ncatid=10183194&area=&search=Electrical%20Service%20Providers%20in%20Surat&mncatname=Electrical%20Contractors&ftterm=&abd_btn=Send%20Enquiry&abd_heading=Electrical%20Contractors&isOpenAbd=1&bd=1&cat_b2b_flag=0&searchfrom=lst&thumbnail=,2026-01-09T16:28:38.567433
Sudarshan Enterprise,8511299607,"Surat, Gujarat",Surat,Gujarat,House Wiring,,JustDial,https://www.justdial.com/Surat/Sudarshan-Enterprise-Main-Roadbamroli-Bamroli-Char-Rasta/0261PX261-X261-220324174417-I8U6_BZDET?trkid=&term=&ncatid=11316022&area=&search=Popular%20Residential%20Wiring%20Services%20in%20Surat&mncatname=Residential%20Wiring%20Services&ftterm=&abd_btn=Send%20Enquiry&abd_heading=Residential%20Wiring%20Services&bd=1&cat_b2b_flag=0&searchfrom=lst&thumbnail=,2026-01-09T16:28:49.993464
Flame Solren Private Limited,7947177686,"Surat, Gujarat",Surat,Gujarat,House Wiring,,JustDial,https://www.justdial.com/Surat/Flame-Solren-Private-Limited-Near-Lajamani-Chowkmota-Varaccha-Utran/0261PX261-X261-180310175026-K5D8_BZDET?cat_b2b_flag=0&searchfrom=lst&bd=1&mncatname=Residential%20Wiring%20Services&ncatid=11316022&ftterm=&thumbnail=,2026-01-09T16:28:49.998984
